length,gc_content,entropy,matches,serial_count,serial_time,serial_mem,parallel_count,parallel_time,parallel_mem,speedup,efficiency,overhead
64,0.2,0.3,0,0,4067,10484,0,3878,9776,1.04874,26.2184,2862
64,0.2,1.1,0,0,8062,9776,0,4750,9776,1.69726,42.4316,2735
64,0.2,1.9,0,0,3309,9776,0,1660,9776,1.99337,49.8343,833
64,0.5,0.3,0,0,5786,9776,0,1649,9776,3.50879,87.7198,203
64,0.5,1.1,0,0,4625,9776,0,1839,9776,2.51495,62.8738,683
64,0.5,1.9,0,0,5929,9776,0,1782,9776,3.32716,83.179,300
64,0.8,0.3,0,0,3934,9776,0,1658,9776,2.37274,59.3185,675
64,0.8,1.1,0,0,4175,9776,0,2651,9776,1.57488,39.3719,1608
64,0.8,1.9,0,0,4502,9776,0,1774,9776,2.53777,63.4442,649
