length,gc_content,entropy,matches,serial_count,serial_time,serial_mem,parallel_count,parallel_time,parallel_mem,speedup,efficiency,overhead
64,0.2,0.3,0,0,17,9320,0,8,9736,2.125,53.125,4
64,0.2,1.1,0,0,11,9736,0,6,9736,1.83333,45.8333,4
64,0.2,1.9,0,0,13,9736,0,8,9736,1.625,40.625,5
64,0.5,0.3,0,0,15,9736,0,7,9736,2.14286,53.5714,4
64,0.5,1.1,0,0,14,9736,0,4,9736,3.5,87.5,1
64,0.5,1.9,0,0,8,9736,0,4,9736,2,50,2
64,0.8,0.3,0,0,9,9736,0,4,9736,2.25,56.25,2
64,0.8,1.1,0,0,7,9736,0,6,9736,1.16667,29.1667,5
64,0.8,1.9,0,0,8,9736,0,6,9736,1.33333,33.3333,4
